epoch,accuracy,auc,loss,lr,sensitivity_at_specificity,specificity_at_sensitivity,val_accuracy,val_auc,val_loss,val_sensitivity_at_specificity,val_specificity_at_sensitivity
0,0.7935876250267029,0.573822021484375,0.4938371181488037,0.001,0.564414381980896,0.5494723320007324,0.770642101764679,0.6858353018760681,0.5677053332328796,0.7350577712059021,0.7634506225585938
1,0.7946630716323853,0.6313270926475525,0.4753931760787964,0.001,0.6666408777236938,0.6665914058685303,0.770642101764679,0.6343841552734375,0.5184282064437866,0.6668476462364197,0.6460502743721008
2,0.7948388457298279,0.6634334325790405,0.47593724727630615,0.001,0.7168824672698975,0.7000992298126221,0.770642101764679,0.6108214855194092,0.5138735175132751,0.5783171057701111,0.6106286644935608
