epoch,accuracy,auc,loss,lr,sensitivity_at_specificity,specificity_at_sensitivity,val_accuracy,val_auc,val_loss,val_sensitivity_at_specificity,val_specificity_at_sensitivity
0,0.7948388457298279,0.6561281681060791,0.4703800082206726,0.001,0.69096440076828,0.6366021037101746,0.770642101764679,0.5779969692230225,0.5154977440834045,0.5603704452514648,0.5800731778144836
1,0.7948388457298279,0.7048762440681458,0.4626576900482178,0.001,0.7586215138435364,0.7713305354118347,0.770642101764679,0.5685727596282959,0.5267620086669922,0.5190590023994446,0.548107922077179
2,0.7948388457298279,0.7158331274986267,0.4601740837097168,0.001,0.7780005931854248,0.7738400101661682,0.770642101764679,0.5694157481193542,0.5194551348686218,0.5572409629821777,0.5547100305557251
3,0.7948388457298279,0.7241263389587402,0.4524824023246765,0.001,0.7864078879356384,0.7695428729057312,0.770642101764679,0.5609040856361389,0.5224310755729675,0.566544234752655,0.5306299328804016
4,0.7948388457298279,0.7724900841712952,0.4475018382072449,0.001,0.8049658536911011,0.86187744140625,0.770642101764679,0.5378417372703552,0.5572806000709534,0.5114907622337341,0.5243256092071533
